{
    "m1" : "https://jenkins-m1.ups.com:8443/job/PLS/job/Ups-Community/job/pluginsVersionReport/lastBuild/api/json",
    "m2" : "https://jenkins-m2.ups.com:8443/job/PLS/job/Ups-Community/job/pluginsVersionReport/lastBuild/api/json",
    "m3" : "https://jenkins-m3.ups.com:8443/job/PLS/job/Ups-Community/job/pluginsVersionReport/lastBuild/api/json",
    "m4" : "https://jenkins-m4.ups.com:8443/job/PLS/job/Ups-Community/job/pluginsVersionReport/lastBuild/api/json",
    "m5" : "https://jenkins-m5.ups.com:8443/job/PLS/job/Ups-Community/job/pluginsVersionReport/lastBuild/api/json",
    "m6" : "https://jenkins-m6.ups.com:8443/job/PLS/job/Ups-Community/job/pluginsVersionReport/lastBuild/api/json"
}