{
   "Mahwah":{
      "OC":{
         "Active":"njrarltsvr000db.linux.us.ams1907.com"
      },
      "Master-1":{
         "Active":"njrarltsvr000dc.linux.us.ams1907.com",
         "Standby":"njrarltsvr000dd.linux.us.ams1907.com"
      },
      "Master-2":{
         "Active":"njrarltsvr000de.linux.us.ams1907.com"
      },
      "Master-3":{
         "Active":"njrarltsvr000df.linux.us.ams1907.com"
      }
   },
   "Windward":{
      "OC":{
         "Active":"gaalpltsvr00026.linux.us.ams1907.com"
      },
      "Master-1":{
         "Active":"gaalpltsvr00027.linux.us.ams1907.com",
         "Standby":"gaalpltsvr00028.linux.us.ams1907.com"
      },
      "Master-2":{
         "Active":"gaalpltsvr00029.linux.us.ams1907.com"
      },
      "Master-3":{
         "Active":"gaalpltsvr0002a.linux.us.ams1907.com"
      }
   }
}